数据年月,贸易伙伴编码,贸易伙伴名称,商品编码,商品名称,贸易方式编码,贸易方式名称,注册地编码,注册地名称,数量,计量单位,人民币,单价
201501,148,土库曼斯坦,08083010,鲜鸭梨、雪梨,10,一般贸易,13,河北省,21840,千克,112125,5.13
201501,148,土库曼斯坦,09022090,绿茶，内包装每件净重＞3kg,10,一般贸易,34,安徽省,22100,千克,193284,8.75
201501,148,土库曼斯坦,12024100,其他未去壳花生，种用除外,10,一般贸易,37,山东省,34800,千克,287660,8.27
201501,148,土库曼斯坦,12060090,其他葵花子,10,一般贸易,12,天津市,46000,千克,402893,8.76
201501,148,土库曼斯坦,12129993,白瓜子,10,一般贸易,37,山东省,23000,千克,532373,23.15
201501,148,土库曼斯坦,20054000,非醋方法制作或保藏的未冷冻冻豌豆,10,一般贸易,35,福建省,23038,千克,92350,4.01
201501,148,土库曼斯坦,20058000,非醋方法制作或保藏的甜玉米,10,一般贸易,35,福建省,12672,千克,83498,6.59
201501,148,土库曼斯坦,20081120,烘焙花生,10,一般贸易,37,山东省,114000,千克,1275012,11.18
201501,148,土库曼斯坦,20084010,梨罐头,10,一般贸易,37,山东省,4080,千克,26656,6.53
201501,148,土库曼斯坦,20086010,樱桃罐头,10,一般贸易,37,山东省,4597,千克,68146,14.82
201501,148,土库曼斯坦,20087010,桃罐头,10,一般贸易,37,山东省,4060,千克,30416,7.49
201501,148,土库曼斯坦,20089990,未列名制作或保藏水果、坚果及植物的其他食用部分,10,一般贸易,37,山东省,3060,千克,25127,8.21
201501,148,土库曼斯坦,25081000,膨润土,22,对外承包工程出口货物,51,四川省,400000,千克,310922,0.78
201501,148,土库曼斯坦,27101911,航空煤油，不含有生物柴油,33,保税监管场所进出境货物,11,北京市,97335,千克,468398,4.81
201501,148,土库曼斯坦,28151100,固体氢氧化钠,10,一般贸易,65,新疆维吾尔自治区,117000,千克,186770,1.6
201501,148,土库曼斯坦,28181010,棕刚玉,10,一般贸易,44,广东省,625,千克,1484,2.37
201501,148,土库曼斯坦,28391990,其他钠盐,10,一般贸易,11,北京市,110104,千克,2546079,23.12
201501,148,土库曼斯坦,29224220,谷氨酸钠,10,一般贸易,41,河南省,22500,千克,233849,10.39
201501,148,土库曼斯坦,29419030,利福平及其衍生物以及它们的盐,10,一般贸易,32,江苏省,250,千克,156228,624.91
201501,148,土库曼斯坦,30021000,"抗血清、其他血份及免疫制品,不论是否修饰或通过生物工艺加工制得",10,一般贸易,31,上海市,2046,千克,518833,253.58
201501,148,土库曼斯坦,30042019,其他含有头孢菌素的药品,10,一般贸易,23,黑龙江省,6723,千克,401890,59.78
201501,148,土库曼斯坦,30043200,含有皮质甾类激素及其衍生物或结构类似物,10,一般贸易,42,湖北省,320,千克,80701,252.19
201501,148,土库曼斯坦,30045000,含有维生素或2936所列产品的其他药品,10,一般贸易,13,河北省,8423,千克,211581,25.12
201501,148,土库曼斯坦,30045000,含有维生素或2936所列产品的其他药品,10,一般贸易,37,山东省,2750,千克,60831,22.12
201501,148,土库曼斯坦,30045000,含有维生素或2936所列产品的其他药品,10,一般贸易,44,广东省,10800,千克,288001,26.67
201501,148,土库曼斯坦,30049090,未列名混合或非混合产品构成的药品,10,一般贸易,11,北京市,17882,千克,534068,29.87
201501,148,土库曼斯坦,30049090,未列名混合或非混合产品构成的药品,10,一般贸易,13,河北省,19563,千克,346891,17.73
201501,148,土库曼斯坦,30049090,未列名混合或非混合产品构成的药品,10,一般贸易,37,山东省,9490,千克,129341,13.63
201501,148,土库曼斯坦,30049090,未列名混合或非混合产品构成的药品,10,一般贸易,44,广东省,27000,千克,448613,16.62
201501,148,土库曼斯坦,30049090,未列名混合或非混合产品构成的药品,10,一般贸易,51,四川省,13272,千克,169775,12.79
201501,148,土库曼斯坦,32081000,以聚酯为基本成分的油漆及清漆（包括瓷漆及大漆），分散于或溶于非水介质,22,对外承包工程出口货物,11,北京市,1760,千克,17868,10.15
201501,148,土库曼斯坦,32089010,聚氨酯化合物油漆及清漆等;章注4所述溶液,22,对外承包工程出口货物,65,新疆维吾尔自治区,1804,千克,96786,53.65
201501,148,土库曼斯坦,32089090,未列名溶于非水介质聚合物漆;章注4的溶液,22,对外承包工程出口货物,51,四川省,720,千克,11005,15.28
201501,148,土库曼斯坦,32141090,其他安装玻璃用油灰、接缝用油灰、树脂胶泥、嵌缝胶及类似胶粘剂;漆工用填料,10,一般贸易,11,北京市,18972,千克,319756,16.85
201501,148,土库曼斯坦,32159020,水性喷墨墨水,10,一般贸易,62,甘肃省,420,千克,5136,12.23
201501,148,土库曼斯坦,34022090,零售包装其他表面活性剂制品、洗涤、清洁剂,10,一般贸易,31,上海市,3780,千克,16652,4.41
201501,148,土库曼斯坦,34039900,不含石油或从沥青矿物提取油类的润滑剂,10,一般贸易,65,新疆维吾尔自治区,625,千克,8288,13.26
201501,148,土库曼斯坦,35069900,未列名的调制胶及其他调制粘合剂,22,对外承包工程出口货物,11,北京市,12,千克,21548,1795.67
201501,148,土库曼斯坦,38119000,其他供矿物油等同样用途液体的配制添加剂,22,对外承包工程出口货物,51,四川省,70000,千克,1237906,17.68
201501,148,土库曼斯坦,38123090,橡胶或塑料用其他抗氧制剂及复合稳定剂,10,一般贸易,62,甘肃省,23800,千克,116405,4.89
201501,148,土库曼斯坦,38160000,耐火的水泥、灰泥、混凝土等耐火混合制品,22,对外承包工程出口货物,51,四川省,55,千克,2515,45.73
201501,148,土库曼斯坦,38200000,防冻剂及解冻剂,22,对外承包工程出口货物,51,四川省,73000,千克,196087,2.69
201501,148,土库曼斯坦,38244090,其他水泥、灰泥及混凝土用添加剂,22,对外承包工程出口货物,51,四川省,165000,千克,494814,3
201501,148,土库曼斯坦,39041090,其他初级形状的聚氯乙烯，未掺其他物质,10,一般贸易,65,新疆维吾尔自治区,174000,千克,881684,5.07
201501,148,土库曼斯坦,39069010,初级形状的聚丙烯酰胺,22,对外承包工程出口货物,51,四川省,30000,千克,549945,18.33
201501,148,土库曼斯坦,39172200,丙烯聚合物制硬管,10,一般贸易,33,浙江省,9890,千克,277701,28.08
201501,148,土库曼斯坦,39172200,丙烯聚合物制硬管,10,一般贸易,42,湖北省,7396,千克,129009,17.44
201501,148,土库曼斯坦,40091100,未经加强或未与其他材料合制并且未装有附件的管子,10,一般贸易,51,四川省,34,千克,56955,1675.15
201501,148,土库曼斯坦,40091100,未经加强或未与其他材料合制并且未装有附件的管子,10,一般贸易,65,新疆维吾尔自治区,60,千克,6789,113.15
201501,148,土库曼斯坦,40101200,仅用纺织材料加强的硫化橡胶制输送带及带料,22,对外承包工程出口货物,65,新疆维吾尔自治区,300,千克,19374,64.58
201501,148,土库曼斯坦,40103100,梯形截面V肋环形传动带60cm＜周长≤180cm,10,一般贸易,51,四川省,70,千克,15407,220.1
201501,148,土库曼斯坦,40103100,梯形截面V肋环形传动带60cm＜周长≤180cm,22,对外承包工程出口货物,65,新疆维吾尔自治区,20,千克,3356,167.8
201501,148,土库曼斯坦,40103300,梯形截面V肋环形传动带180cm＜周长≤240cm,10,一般贸易,65,新疆维吾尔自治区,670,千克,40461,60.39
201501,148,土库曼斯坦,40103400,其他梯形截面环形传动带180cm＜周长≤240cm,10,一般贸易,65,新疆维吾尔自治区,310,千克,41531,133.97
201501,148,土库曼斯坦,40103900,其他硫化橡胶制传动带及带料,22,对外承包工程出口货物,51,四川省,21,千克,10190,485.24
201501,148,土库曼斯坦,40111000,机动小客车用新的充气橡胶轮胎,15,进料加工贸易,33,浙江省,29818,千克,505160,16.94
201502,148,土库曼斯坦,73121000,非绝缘的钢铁绞股线、绳、缆,10,一般贸易,11,北京市,2960,千克,37128,12.54
201502,148,土库曼斯坦,73121000,非绝缘的钢铁绞股线、绳、缆,10,一般贸易,44,广东省,9795,千克,87017,8.88
201502,148,土库曼斯坦,73121000,非绝缘的钢铁绞股线、绳、缆,22,对外承包工程出口货物,11,北京市,10226,千克,87307,8.54
201502,148,土库曼斯坦,73129000,非绝缘的钢铁编带、吊索及类似品,10,一般贸易,11,北京市,140,千克,6482,46.3
201502,148,土库曼斯坦,73141400,不锈钢制其他机织布,10,一般贸易,44,广东省,142,千克,16542,116.49
201502,148,土库曼斯坦,73151190,其他滚子链,10,一般贸易,37,山东省,72,千克,2328,32.33
201502,148,土库曼斯坦,73170000,钢铁制钉、平头钉、图钉、波纹钉、U形钉等,39,其他,33,浙江省,43758,千克,824502,18.84
201502,148,土库曼斯坦,73181300,钩头螺钉及环头螺钉,10,一般贸易,51,四川省,100,千克,1774,17.74
201502,148,土库曼斯坦,73181400,自攻螺钉,22,对外承包工程出口货物,11,北京市,1937,千克,75452,38.95
201502,148,土库曼斯坦,73181510,其他螺钉及螺栓，抗拉强度在800兆帕及以上,10,一般贸易,36,江西省,115,千克,814,7.08
201502,148,土库曼斯坦,73181510,其他螺钉及螺栓，抗拉强度在800兆帕及以上,10,一般贸易,37,山东省,757,千克,9607,12.69
201502,148,土库曼斯坦,73181510,其他螺钉及螺栓，抗拉强度在800兆帕及以上,22,对外承包工程出口货物,11,北京市,4611,千克,119949,26.01
201502,148,土库曼斯坦,73181590,其他螺钉及螺栓，抗拉强度在800兆帕以下,10,一般贸易,31,上海市,245,千克,5784,23.61
201502,148,土库曼斯坦,73181590,其他螺钉及螺栓，抗拉强度在800兆帕以下,10,一般贸易,44,广东省,5,千克,271,54.2
201502,148,土库曼斯坦,73181590,其他螺钉及螺栓，抗拉强度在800兆帕以下,10,一般贸易,51,四川省,15,千克,267,17.8
201502,148,土库曼斯坦,73181590,其他螺钉及螺栓，抗拉强度在800兆帕以下,10,一般贸易,62,甘肃省,41500,千克,126859,3.06
201502,148,土库曼斯坦,73181590,其他螺钉及螺栓，抗拉强度在800兆帕以下,22,对外承包工程出口货物,11,北京市,418,千克,14943,35.75
201502,148,土库曼斯坦,73181590,其他螺钉及螺栓，抗拉强度在800兆帕以下,22,对外承包工程出口货物,51,四川省,30146,千克,695932,23.09
201502,148,土库曼斯坦,73181600,螺母,10,一般贸易,31,上海市,26100,千克,123130,4.72
201502,148,土库曼斯坦,73181600,螺母,10,一般贸易,37,山东省,625,千克,3480,5.57
201502,148,土库曼斯坦,73181600,螺母,10,一般贸易,44,广东省,4,千克,271,67.75
201502,148,土库曼斯坦,73181600,螺母,22,对外承包工程出口货物,11,北京市,179,千克,1659,9.27
201502,148,土库曼斯坦,73182200,其他垫圈,10,一般贸易,31,上海市,1,千克,110,110
201502,148,土库曼斯坦,73182200,其他垫圈,22,对外承包工程出口货物,11,北京市,140,千克,39478,281.99
201502,148,土库曼斯坦,73182400,销及开尾销,10,一般贸易,37,山东省,36,千克,11855,329.31
201502,148,土库曼斯坦,73182400,销及开尾销,10,一般贸易,51,四川省,15,千克,747,49.8
201502,148,土库曼斯坦,73194090,钢铁制其他别针,10,一般贸易,51,四川省,2,千克,816,408
201502,148,土库曼斯坦,73201020,汽车用钢铁片簧及簧片,10,一般贸易,44,广东省,7970,千克,65036,8.16
201502,148,土库曼斯坦,73221900,非电热的其他钢铁制集中供暖散热器及其零件,10,一般贸易,62,甘肃省,2400,千克,49007,20.42
201502,148,土库曼斯坦,73241000,不锈钢洗涤槽及脸盆,10,一般贸易,13,河北省,265,千克,7596,28.66
201502,148,土库曼斯坦,73261910,经锻造或冲压的工业用钢铁制品,10,一般贸易,51,四川省,1248,千克,1443686,1156.8
201502,148,土库曼斯坦,73269019,其他工业用钢铁制品,10,一般贸易,44,广东省,14303,千克,192789,13.48
201503,148,土库曼斯坦,84818040,其他阀门,22,对外承包工程出口货物,11,北京市,8,套,12417,1552.12
201503,148,土库曼斯坦,84818040,其他阀门,22,对外承包工程出口货物,51,四川省,2,套,922198,461099
201503,148,土库曼斯坦,84818090,龙头、旋塞及类似装置,10,一般贸易,31,上海市,34,套,4655,136.91
201503,148,土库曼斯坦,84818090,龙头、旋塞及类似装置,22,对外承包工程出口货物,11,北京市,11,套,598006,54364.18
201503,148,土库曼斯坦,84819010,阀门零件,10,一般贸易,37,山东省,2755,千克,411081,149.21
201503,148,土库曼斯坦,84821010,调心球滚珠轴承,10,一般贸易,37,山东省,16,套,217791,13611.94
201503,148,土库曼斯坦,84821010,调心球滚珠轴承,10,一般贸易,65,新疆维吾尔自治区,798,套,44047,55.2
201503,148,土库曼斯坦,84821020,深沟球滚珠轴承,10,一般贸易,33,浙江省,1170,套,51994,44.44
201503,148,土库曼斯坦,84821020,深沟球滚珠轴承,10,一般贸易,37,山东省,60,套,4173,69.55
201503,148,土库曼斯坦,84821020,深沟球滚珠轴承,10,一般贸易,65,新疆维吾尔自治区,8,套,1570,196.25
201503,148,土库曼斯坦,84821020,深沟球滚珠轴承,22,对外承包工程出口货物,11,北京市,4,套,24311,6077.75
201503,148,土库曼斯坦,84821020,深沟球滚珠轴承,22,对外承包工程出口货物,51,四川省,3,套,4872,1624
201503,148,土库曼斯坦,84821030,角接触滚珠轴承,10,一般贸易,65,新疆维吾尔自治区,3760,套,61825,16.44
201503,148,土库曼斯坦,84821030,角接触滚珠轴承,22,对外承包工程出口货物,51,四川省,1,套,2157,2157
201503,148,土库曼斯坦,84821090,其他滚珠轴承,10,一般贸易,42,湖北省,50,套,3067,61.34
201503,148,土库曼斯坦,84821090,其他滚珠轴承,22,对外承包工程出口货物,65,新疆维吾尔自治区,6,套,27647,4607.83
201503,148,土库曼斯坦,84828000,其他滚动轴承，包括球、柱混合轴承,10,一般贸易,31,上海市,8,套,282,35.25
201503,148,土库曼斯坦,84829900,滚动轴承的其他零件,22,对外承包工程出口货物,51,四川省,45,千克,13014,289.2
201503,148,土库曼斯坦,84831090,其他传动轴及曲柄,10,一般贸易,37,山东省,1,个,7771,7771
201503,148,土库曼斯坦,84831090,其他传动轴及曲柄,39,其他,65,新疆维吾尔自治区,347,个,13630,39.28
201503,148,土库曼斯坦,84832000,装有滚珠或滚子轴承的轴承座,22,对外承包工程出口货物,51,四川省,32,个,151494,4734.19
201503,148,土库曼斯坦,84834090,齿轮及其他变速、传动装置;滚珠螺杆传动轴,10,一般贸易,33,浙江省,200,个,4319,21.59
201503,148,土库曼斯坦,84834090,齿轮及其他变速、传动装置;滚珠螺杆传动轴,10,一般贸易,37,山东省,2,个,71158,35579
201503,148,土库曼斯坦,84835000,飞轮及滑轮，包括滑轮组,10,一般贸易,65,新疆维吾尔自治区,2230,个,48689,21.83
201503,148,土库曼斯坦,84835000,飞轮及滑轮，包括滑轮组,22,对外承包工程出口货物,11,北京市,1,个,3982,3982
201503,148,土库曼斯坦,84836000,离合器及联轴器（包括万向节）,10,一般贸易,33,浙江省,3020,个,203442,67.36
201503,148,土库曼斯坦,84836000,离合器及联轴器（包括万向节）,10,一般贸易,37,山东省,70,个,328708,4695.83
201503,148,土库曼斯坦,84839000,单独报验的带齿的轮等;8483货品的其他零件,10,一般贸易,31,上海市,4,千克,362,90.5
201503,148,土库曼斯坦,84839000,单独报验的带齿的轮等;8483货品的其他零件,22,对外承包工程出口货物,65,新疆维吾尔自治区,98,千克,3336,34.04
201503,148,土库曼斯坦,84839000,单独报验的带齿的轮等;8483货品的其他零件,39,其他,65,新疆维吾尔自治区,9,千克,386,42.89
201503,148,土库曼斯坦,84841000,密封垫等，金属片与其他材料或多层金属片制,10,一般贸易,65,新疆维吾尔自治区,88,千克,102544,1165.27
201503,148,土库曼斯坦,84841000,密封垫等，金属片与其他材料或多层金属片制,22,对外承包工程出口货物,11,北京市,1136,千克,71884,63.28
201503,148,土库曼斯坦,84841000,密封垫等，金属片与其他材料或多层金属片制,22,对外承包工程出口货物,51,四川省,300,千克,181116,603.72
201504,148,土库曼斯坦,39269090,未列名塑料制品,22,对外承包工程出口货物,13,河北省,300,千克,40627,135.42
201504,148,土库曼斯坦,40022090,其他丁二烯橡胶,22,对外承包工程出口货物,11,北京市,1084,千克,24829,22.9
201504,148,土库曼斯坦,40070000,硫化橡胶线及绳,39,其他,33,浙江省,548,千克,3441,6.28
201504,148,土库曼斯坦,40091100,未经加强或未与其他材料合制并且未装有附件的管子,10,一般贸易,33,浙江省,280,千克,18836,67.27
201504,148,土库曼斯坦,40092100,用金属加强或只与金属合制未装有附件的管子,22,对外承包工程出口货物,65,新疆维吾尔自治区,18,千克,2357,130.94
201504,148,土库曼斯坦,40092200,用金属加强或只与金属合制装有附件的管子,22,对外承包工程出口货物,65,新疆维吾尔自治区,16,千克,4248,265.5
201504,148,土库曼斯坦,40093200,用纺材加强或只与纺材合制的装有附件的管子,10,一般贸易,37,山东省,24,千克,12266,511.08
201504,148,土库曼斯坦,40093200,用纺材加强或只与纺材合制的装有附件的管子,22,对外承包工程出口货物,51,四川省,20,千克,2004,100.2
201504,148,土库曼斯坦,40093200,用纺材加强或只与纺材合制的装有附件的管子,22,对外承包工程出口货物,65,新疆维吾尔自治区,6,千克,203,33.83
201504,148,土库曼斯坦,40103200,其他梯形截面环形传动带60cm＜周长≤180cm,22,对外承包工程出口货物,65,新疆维吾尔自治区,4,千克,6223,1555.75
201504,148,土库曼斯坦,40103400,其他梯形截面环形传动带180cm＜周长≤240cm,10,一般贸易,65,新疆维吾尔自治区,407,千克,46044,113.13
201504,148,土库曼斯坦,40103900,其他硫化橡胶制传动带及带料,10,一般贸易,11,北京市,5,千克,67218,13443.6
201504,148,土库曼斯坦,40103900,其他硫化橡胶制传动带及带料,22,对外承包工程出口货物,51,四川省,19,千克,5980,314.74
201504,148,土库曼斯坦,40111000,机动小客车用新的充气橡胶轮胎,15,进料加工贸易,33,浙江省,10854,千克,111110,10.24
201504,148,土库曼斯坦,40111000,机动小客车用新的充气橡胶轮胎,15,进料加工贸易,37,山东省,86128,千克,1327243,15.41
201504,148,土库曼斯坦,40111000,机动小客车用新的充气橡胶轮胎,15,进料加工贸易,41,河南省,10521,千克,228108,21.68
201504,148,土库曼斯坦,40111000,机动小客车用新的充气橡胶轮胎,34,海关特殊监管区域物流货物,44,广东省,10402,千克,159772,15.36
201504,148,土库曼斯坦,40112000,客车或货运机动车辆用新的充气橡胶轮胎,10,一般贸易,37,山东省,30035,千克,335358,11.17
201504,148,土库曼斯坦,40112000,客车或货运机动车辆用新的充气橡胶轮胎,15,进料加工贸易,21,辽宁省,33723,千克,494288,14.66
201504,148,土库曼斯坦,40112000,客车或货运机动车辆用新的充气橡胶轮胎,15,进料加工贸易,37,山东省,54815,千克,720738,13.15
201504,148,土库曼斯坦,40112000,客车或货运机动车辆用新的充气橡胶轮胎,15,进料加工贸易,41,河南省,149850,千克,2321621,15.49
201504,148,土库曼斯坦,40115000,自行车用新的充气橡胶轮胎,10,一般贸易,12,天津市,6690,千克,89320,13.35
201504,148,土库曼斯坦,40115000,自行车用新的充气橡胶轮胎,10,一般贸易,65,新疆维吾尔自治区,5096,千克,60006,11.78
201504,148,土库曼斯坦,40116300,建筑等用新人字型胎面充气轮胎，辋圈＞61cm,15,进料加工贸易,37,山东省,711,千克,11723,16.49
201504,148,土库曼斯坦,40119400,其他建筑搬运车等用新充气轮胎，辋圈＞61cm,15,进料加工贸易,37,山东省,2510,千克,42135,16.79
201504,148,土库曼斯坦,40119400,其他建筑搬运车等用新充气轮胎，辋圈＞61cm,15,进料加工贸易,41,河南省,12488,千克,196403,15.73
201504,148,土库曼斯坦,40129020,汽车用实心或半实心橡胶轮胎、胎面及橡胶轮胎衬带,10,一般贸易,37,山东省,604,千克,4358,7.22
201504,148,土库曼斯坦,40131000,机动小客车、客运机动车辆或货运机动车辆用橡胶内胎,15,进料加工贸易,32,江苏省,765,千克,12603,16.47
201504,148,土库曼斯坦,40132000,自行车用橡胶内胎,10,一般贸易,12,天津市,9430,千克,135486,14.37
201504,148,土库曼斯坦,40132000,自行车用橡胶内胎,10,一般贸易,65,新疆维吾尔自治区,5073,千克,77362,15.25
201504,148,土库曼斯坦,40169310,硫化橡胶制机器及仪器垫片、垫圈等密封垫,10,一般贸易,11,北京市,5,千克,174521,34904.2
201504,148,土库曼斯坦,40169310,硫化橡胶制机器及仪器垫片、垫圈等密封垫,10,一般贸易,31,上海市,1,千克,153,153
201504,148,土库曼斯坦,40169310,硫化橡胶制机器及仪器垫片、垫圈等密封垫,22,对外承包工程出口货物,65,新疆维吾尔自治区,7,千克,2985,426.43
201504,148,土库曼斯坦,40169310,硫化橡胶制机器及仪器垫片、垫圈等密封垫,39,其他,65,新疆维吾尔自治区,50,千克,2462,49.24
201504,148,土库曼斯坦,40169390,硫化橡胶制非机器及仪器垫片、垫圈等密封垫,22,对外承包工程出口货物,65,新疆维吾尔自治区,25,千克,1330,53.2
201504,148,土库曼斯坦,40169990,未列名硫化橡胶制品,10,一般贸易,33,浙江省,2516,千克,82925,32.96
201505,148,土库曼斯坦,63079000,6301至6307的未列名制成品，包括服装裁剪样,22,对外承包工程出口货物,11,北京市,5,千克,634,126.8
201505,148,土库曼斯坦,63079000,6301至6307的未列名制成品，包括服装裁剪样,22,对外承包工程出口货物,51,四川省,6,千克,2536,422.67
201505,148,土库曼斯坦,64029921,以机织物或其他纺织材料作衬底的塑料制鞋面的其他鞋靴,39,其他,65,新疆维吾尔自治区,1121,千克,82533,73.62
201505,148,土库曼斯坦,64029929,未列名塑料制鞋面的鞋靴,39,其他,33,浙江省,16721,千克,501669,30
201505,148,土库曼斯坦,64034000,其他橡，塑，革外底的皮革鞋面有金属护头鞋靴,22,对外承包工程出口货物,37,山东省,10,千克,736,73.6
201505,148,土库曼斯坦,64039900,其他橡、塑或再生皮革外底，皮革鞋面的鞋靴,10,一般贸易,44,广东省,5,千克,491,98.2
201505,148,土库曼斯坦,64041900,其他橡胶或塑料外底，纺织材料鞋面的鞋靴,10,一般贸易,44,广东省,7,千克,1095,156.43
201505,148,土库曼斯坦,65050099,针织的帽类及用成匹的花边、毡呢或其他纺织物制成的帽类,10,一般贸易,44,广东省,40,个,311,7.78
201505,148,土库曼斯坦,65061000,安全帽,10,一般贸易,50,重庆市,1400,个,11407,8.15
201505,148,土库曼斯坦,65061000,安全帽,22,对外承包工程出口货物,11,北京市,30,个,6236,207.87
201505,148,土库曼斯坦,67021000,塑料制人造花、叶、果实及其零件和制品,10,一般贸易,33,浙江省,9084,千克,168231,18.52
201505,148,土库曼斯坦,67021000,塑料制人造花、叶、果实及其零件和制品,39,其他,33,浙江省,4459,千克,112536,25.24
201505,148,土库曼斯坦,68029390,未列名已加工花岗岩制品,10,一般贸易,35,福建省,889,千克,6242,7.02
201505,148,土库曼斯坦,68042210,其他粘聚磨料或陶瓷制砂轮及其零件,10,一般贸易,50,重庆市,340,千克,2802,8.24
201505,148,土库曼斯坦,68042210,其他粘聚磨料或陶瓷制砂轮及其零件,22,对外承包工程出口货物,11,北京市,300,千克,15511,51.7
201505,148,土库曼斯坦,68042210,其他粘聚磨料或陶瓷制砂轮及其零件,39,其他,33,浙江省,2629,千克,22028,8.38
201505,148,土库曼斯坦,68052000,砂纸,10,一般贸易,50,重庆市,682,千克,7587,11.12
201505,148,土库曼斯坦,68071000,成卷的沥青或类似原料的制品,22,对外承包工程出口货物,11,北京市,12450,千克,84837,6.81
201505,148,土库曼斯坦,68109990,未列名水泥、混凝土或人造石制品,22,对外承包工程出口货物,11,北京市,86150,千克,542979,6.3
201505,148,土库曼斯坦,68129200,石棉纸、麻丝板及毡子,22,对外承包工程出口货物,51,四川省,1030,千克,44983,43.67
201505,148,土库曼斯坦,68132090,以石棉为基本成分其他未装配磨擦材料及制品,10,一般贸易,51,四川省,39,千克,39258,1006.62
201505,148,土库曼斯坦,68159931,碳布,10,一般贸易,21,辽宁省,1100,千克,55000,50
201505,148,土库曼斯坦,68159990,未列名石制品及其他矿物制品,22,对外承包工程出口货物,51,四川省,2,千克,7271,3635.5
201505,148,土库曼斯坦,69089000,其他上釉的陶瓷砖、瓦、块及类似品,10,一般贸易,21,辽宁省,36463,千克,367709,10.08
201505,148,土库曼斯坦,69091100,实验室、化学或其他技术用瓷器,22,对外承包工程出口货物,51,四川省,9750,千克,57887,5.94
201505,148,土库曼斯坦,69101000,瓷制固定卫生设备,10,一般贸易,44,广东省,100115,千克,895122,8.94
201505,148,土库曼斯坦,69101000,瓷制固定卫生设备,10,一般贸易,65,新疆维吾尔自治区,15515,千克,74232,4.78
201505,148,土库曼斯坦,69111019,其他瓷制餐具,10,一般贸易,32,江苏省,23875,千克,87870,3.68
201505,148,土库曼斯坦,69111019,其他瓷制餐具,10,一般贸易,36,江西省,35750,千克,158987,4.45
201505,148,土库曼斯坦,69111019,其他瓷制餐具,10,一般贸易,37,山东省,44064,千克,301072,6.83
201506,148,土库曼斯坦,95030010,三轮车、踏板车和类似的带轮玩具;玩偶车,39,其他,33,浙江省,11521,千克,19067,1.65
201506,148,土库曼斯坦,95030089,其他玩具,39,其他,33,浙江省,23540,个,16317,0.69
201506,148,土库曼斯坦,95042000,各种台球的用品及附件,39,其他,33,浙江省,84,千克,25763,306.7
201506,148,土库曼斯坦,95049030,中国象棋、国际象棋、跳棋等棋类用品,39,其他,33,浙江省,334,副,71706,214.69
201506,148,土库曼斯坦,95066210,足球、篮球、排球,10,一般贸易,44,广东省,2000,个,9201,4.6
201506,148,土库曼斯坦,95066210,足球、篮球、排球,39,其他,33,浙江省,787,个,168961,214.69
201506,148,土库曼斯坦,95067020,旱冰鞋,39,其他,33,浙江省,348,双,150129,431.41
201506,148,土库曼斯坦,95069900,其他运动或户外游戏用设备;游泳池或戏水池,39,其他,33,浙江省,466,个,237728,510.15
201506,148,土库曼斯坦,96034011,猪鬃制漆刷及类似刷,22,对外承包工程出口货物,11,北京市,30,把,483,16.1
201506,148,土库曼斯坦,96034019,其他漆刷及类似刷,10,一般贸易,11,北京市,400,把,5895,14.74
201506,148,土库曼斯坦,96034020,油漆块垫及滚筒,10,一般贸易,50,重庆市,4000,个,8005,2
201506,148,土库曼斯坦,96035011,作为机器、器具零件的金属丝刷,10,一般贸易,50,重庆市,1600,个,7244,4.53
201506,148,土库曼斯坦,96035091,其他作为机器、器具零件的刷,10,一般贸易,31,上海市,54,个,12613,233.57
201506,148,土库曼斯坦,96039090,其他帚刷拖把等;制帚刷成束材料;橡皮扫帚,39,其他,33,浙江省,16859,个,22751,1.35
201506,148,土库曼斯坦,96050000,个人梳妆、缝纫或清洁衣、鞋用成套旅行用具,39,其他,33,浙江省,3799,套,7923,2.09
201506,148,土库曼斯坦,96082000,毡尖及其他渗水式笔尖笔及唛头笔,10,一般贸易,11,北京市,110,支,1957,17.79
201506,148,土库曼斯坦,96082000,毡尖及其他渗水式笔尖笔及唛头笔,22,对外承包工程出口货物,11,北京市,40,支,83,2.08
201506,148,土库曼斯坦,96151100,硬质橡胶或塑料制梳子、发夹及类似品,39,其他,33,浙江省,221,千克,11644,52.69
201506,148,土库曼斯坦,96170090,其他真空容器；真空容器零件，但玻璃瓶胆除外,39,其他,33,浙江省,283,千克,9808,34.66
