typeCode,freqCode,refPeriodId,refYear,refMonth,period,reporterCode,reporterISO,reporterDesc,flowCode,flowDesc,partnerCode,partnerISO,partnerDesc,partner2Code,partner2ISO,partner2Desc,classificationCode,classificationSearchCode,isOriginalClassification,cmdCode,cmdDesc,aggrLevel,isLeaf,customsCode,customsDesc,mosCode,motCode,motDesc,qtyUnitCode,qtyUnitAbbr,qty,isQtyEstimated,altQtyUnitCode,altQtyUnitAbbr,altQty,isAltQtyEstimated,netWgt,isNetWgtEstimated,grossWgt,isGrossWgtEstimated,cifvalue,fobvalue,primaryValue,legacyEstimationFlag,isReported,isAggregate,reporter_code,partner_code,flow_code,trade_direction
C,A,20200101,2020,52,2020,156,,,X,,398,,,0,,,H5,HS,True,TOTAL,,,,C00,,0,0,,-1,,0,False,-1,,0,False,0,True,0,False,0,11703034898.0,11703034898.0,4,False,True,156,398,X,中国出口到哈萨克斯坦
C,A,20200101,2020,52,2020,398,,,X,,156,,,0,,,H5,HS,True,TOTAL,,,,C00,,0,3200,,-1,,0,False,-1,,0,False,0,False,0,False,,29959088.08,29959088.08,0,False,True,398,156,X,哈萨克斯坦出口到中国
C,A,20200101,2020,52,2020,398,,,X,,156,,,0,,,H5,HS,True,TOTAL,,,,C00,,0,3100,,-1,,0,False,-1,,0,False,0,False,0,False,,3568961568.47,3568961568.47,0,False,True,398,156,X,哈萨克斯坦出口到中国
C,A,20200101,2020,52,2020,398,,,X,,156,,,0,,,H5,HS,True,TOTAL,,,,C00,,0,9200,,-1,,0,False,-1,,0,False,0,False,0,False,,1501.44,1501.44,0,False,True,398,156,X,哈萨克斯坦出口到中国
C,A,20200101,2020,52,2020,398,,,X,,156,,,0,,,H5,HS,True,TOTAL,,,,C00,,0,9900,,-1,,0,False,-1,,0,False,0,False,0,False,,36384299.32,36384299.32,0,False,True,398,156,X,哈萨克斯坦出口到中国
C,A,20200101,2020,52,2020,398,,,X,,156,,,0,,,H5,HS,True,TOTAL,,,,C00,,0,2100,,-1,,0,False,-1,,0,False,0,False,0,False,,1673761513.23,1673761513.23,0,False,True,398,156,X,哈萨克斯坦出口到中国
C,A,20200101,2020,52,2020,398,,,X,,156,,,0,,,H5,HS,True,TOTAL,,,,C00,,0,0,,-1,,0,False,-1,,0,False,0,True,0,False,,6836749155.66,6836749155.66,4,False,True,398,156,X,哈萨克斯坦出口到中国
C,A,20200101,2020,52,2020,398,,,X,,156,,,0,,,H5,HS,True,TOTAL,,,,C00,,0,1000,,-1,,0,False,-1,,0,False,0,True,0,False,,1481672.63,1481672.63,4,False,True,398,156,X,哈萨克斯坦出口到中国
C,A,20200101,2020,52,2020,398,,,X,,156,,,0,,,H5,HS,True,TOTAL,,,,C00,,0,9110,,-1,,0,False,-1,,0,False,0,True,0,False,,1526199512.49,1526199512.49,4,False,True,398,156,X,哈萨克斯坦出口到中国
C,A,20210101,2021,52,2021,156,,,X,,398,,,0,,,H5,HS,True,TOTAL,,,,C00,,0,0,,-1,,0,False,-1,,0,False,0,True,0,False,,13755494094.0,13755494094.0,4,False,True,156,398,X,中国出口到哈萨克斯坦
C,A,20210101,2021,52,2021,398,,,X,,156,,,0,,,H5,HS,True,TOTAL,,,,C00,,0,3200,,-1,,0,False,-1,,0,False,0,False,0,False,,20007405.49,20007405.49,0,False,True,398,156,X,哈萨克斯坦出口到中国
C,A,20210101,2021,52,2021,398,,,X,,156,,,0,,,H5,HS,True,TOTAL,,,,C00,,0,1000,,-1,,0,False,-1,,0,False,0,False,0,False,,1437105.74,1437105.74,0,False,True,398,156,X,哈萨克斯坦出口到中国
C,A,20210101,2021,52,2021,398,,,X,,156,,,0,,,H5,HS,True,TOTAL,,,,C00,,0,3100,,-1,,0,False,-1,,0,False,0,False,0,False,,3089585745.6,3089585745.6,0,False,True,398,156,X,哈萨克斯坦出口到中国
C,A,20210101,2021,52,2021,398,,,X,,156,,,0,,,H5,HS,True,TOTAL,,,,C00,,0,2100,,-1,,0,False,-1,,0,False,0,False,0,False,,2236931510.39,2236931510.39,0,False,True,398,156,X,哈萨克斯坦出口到中国
C,A,20210101,2021,52,2021,398,,,X,,156,,,0,,,H5,HS,True,TOTAL,,,,C00,,0,0,,-1,,0,False,-1,,0,False,0,True,0,False,,6851902440.5,6851902440.5,4,False,True,398,156,X,哈萨克斯坦出口到中国
C,A,20210101,2021,52,2021,398,,,X,,156,,,0,,,H5,HS,True,TOTAL,,,,C00,,0,9110,,-1,,0,False,-1,,0,False,0,True,0,False,,1503940673.28,1503940673.28,4,False,True,398,156,X,哈萨克斯坦出口到中国
C,A,20220101,2022,52,2022,156,,,X,,398,,,0,,,H6,HS,True,TOTAL,,,,C00,,0,0,,-1,,0,False,-1,,0,False,0,True,0,False,,16355236459.0,16355236459.0,4,False,True,156,398,X,中国出口到哈萨克斯坦
C,A,20220101,2022,52,2022,398,,,X,,156,,,0,,,H6,HS,True,TOTAL,,,,C00,,0,1000,,-1,,0,False,-1,,0,False,0,False,0,False,,1596715.25,1596715.25,0,False,True,398,156,X,哈萨克斯坦出口到中国
C,A,20220101,2022,52,2022,398,,,X,,156,,,0,,,H6,HS,True,TOTAL,,,,C00,,0,2100,,-1,,0,False,-1,,0,False,0,False,0,False,,4239777263.02,4239777263.02,0,False,True,398,156,X,哈萨克斯坦出口到中国
C,A,20220101,2022,52,2022,398,,,X,,156,,,0,,,H6,HS,True,TOTAL,,,,C00,,0,9200,,-1,,0,False,-1,,0,False,0,False,0,False,,2667.4,2667.4,0,False,True,398,156,X,哈萨克斯坦出口到中国
C,A,20220101,2022,52,2022,398,,,X,,156,,,0,,,H6,HS,True,TOTAL,,,,C00,,0,9900,,-1,,0,False,-1,,0,False,0,False,0,False,,1966582.0,1966582.0,0,False,True,398,156,X,哈萨克斯坦出口到中国
C,A,20220101,2022,52,2022,398,,,X,,156,,,0,,,H6,HS,True,TOTAL,,,,C00,,0,0,,-1,,0,False,-1,,0,False,0,True,0,False,,10461770663.88,10461770663.88,4,False,True,398,156,X,哈萨克斯坦出口到中国
C,A,20220101,2022,52,2022,398,,,X,,156,,,0,,,H6,HS,True,TOTAL,,,,C00,,0,3100,,-1,,0,False,-1,,0,False,0,True,0,False,,4113969611.12,4113969611.12,4,False,True,398,156,X,哈萨克斯坦出口到中国
C,A,20220101,2022,52,2022,398,,,X,,156,,,0,,,H6,HS,True,TOTAL,,,,C00,,0,3200,,-1,,0,False,-1,,0,False,0,True,0,False,,27647892.65,27647892.65,4,False,True,398,156,X,哈萨克斯坦出口到中国
C,A,20220101,2022,52,2022,398,,,X,,156,,,0,,,H6,HS,True,TOTAL,,,,C00,,0,9110,,-1,,0,False,-1,,0,False,0,True,0,False,,2076809932.44,2076809932.44,4,False,True,398,156,X,哈萨克斯坦出口到中国
C,A,20230101,2023,52,2023,156,,,X,,398,,,0,,,H6,HS,True,TOTAL,,,,C00,,0,0,,-1,,0,False,-1,,0,False,0,True,0,False,,24696909997.0,24696909997.0,4,False,True,156,398,X,中国出口到哈萨克斯坦
C,A,20230101,2023,52,2023,398,,,X,,156,,,0,,,H6,HS,True,TOTAL,,,,C00,,0,0,,-1,,0,False,-1,,0,False,0,True,0,False,,14758685491.52,14758685491.52,4,False,True,398,156,X,哈萨克斯坦出口到中国
C,A,20240101,2024,52,2024,156,,,X,,398,,,0,,,H6,HS,True,TOTAL,,,,C00,,0,0,,-1,,0,False,-1,,0,False,0,True,0,False,,27954331004.0,27954331004.0,4,False,True,156,398,X,中国出口到哈萨克斯坦
C,A,20240101,2024,52,2024,398,,,X,,156,,,0,,,H6,HS,True,TOTAL,,,,C00,,0,0,,-1,,0,False,-1,,0,False,0,True,0,False,,14897477202.63,14897477202.63,4,False,True,398,156,X,哈萨克斯坦出口到中国
